{
  "name": "Menu",
  "items": [
    {
      "title": "General View",
      "url": "/admin/console/modules/here/general",
      "icon": ""
    },
    {
      "title": "Gears",
      "url": "/admin/console/modules/here/gears",
      "icon": ""
    },
    {
      "title": "Assets",
      "url": "/admin/console/modules/here/assets",
      "icon": ""
    },
    {
      "title": "Build",
      "url": "/admin/console/modules/here/build",
      "icon": "",
      "childs": [
        "pages",
        "menus",
        "urls",
        "classify"
      ]
    },
    {
      "title": "Permission",
      "url": "/admin/console/modules/here/permission",
      "icon": ""
    },
    {
      "title": "Code",
      "url": "/admin/console/modules/here/code",
      "icon": ""
    },
    {
      "title": "Tables & form",
      "url": "/admin/console/modules/here/tables",
      "icon": ""
    },
    {
      "title": "View Files",
      "url": "/admin/console/modules/here/views",
      "icon": ""
    }
  ]
}