{"name":"Themes","namespace":"Themes","type":"theme","version":"V 1","description":"ShoppingCart module description","enabled":true,"author":"Edo","author_site":"http:\/\/sharebugs.com\/","route":"routes\/web.php","autoload":"Autoload","namespace_to_create":"\\App\\Themes\\Themes\\Http\\Controllers\\StudioController@getCreate","namespace_to_save":"\\App\\Themes\\Themes\\Http\\Controllers\\StudioController@getCreate","settings_url":"\/admin\/theme-studio\/classes\/theme-studio","slug":"60ae400297e74f4120398c1cb2528c9d","created_at":1479230291}