{"583bd83bbb954_588a075b4067b":{"title":"Sumit button","self_type":"units","main_type":"buttons","type":"general","enabled":"true","have_settings":1,"author":"Hasmik","section":"frontend","main_file":"tpl.blade.php","slug":"583bd83bbb954_588a075b4067b","module_slug":"Ara","path":"app\/ExtraModules\/Ara\/Config\/Gears\/FrontGears\/Units\/583bd83bbb954"},"aras_gear_588a075b4190d":{"title":"Cancel button","self_type":"units","main_type":"buttons","type":"general","enabled":"true","have_settings":1,"author":"Hasmik","section":"frontend","main_file":"tpl.blade.php","slug":"aras_gear_588a075b4190d","module_slug":"Ara","path":"app\/ExtraModules\/Ara\/Config\/Gears\/BackGears\/Units\/aras_gear"},"some_gear_588a075b4299d":{"title":"Uploader","self_type":"units","main_type":"user_input","type":"fields","enabled":"true","input_type":"file","is_core":1,"have_settings":1,"author":"Ashok","section":"backend","main_file":"tpl.blade.php","settings":"settings.blade.php","slug":"some_gear_588a075b4299d","module_slug":"Ara","path":"app\/ExtraModules\/Ara\/Config\/Gears\/BackGears\/Units\/some_gear"}}