{"Console":{"basename":"Console","name":"Developer console","slug":"console","type":"core","author":"Terakyan","title":"Developer console","author_site":"http:\/\/dev.bootydev.co.uk\/","version":"1.0","description":"This is the description for the Console module.","enabled":true,"created_at":"19-01-2017 19:24","tables":["drive_folders","drive_items","drive_settings","emails","email_groups","styles","style_items","favorites","blocked_users","friend_requests"],"id":906219446,"order":9001},"Media":{"basename":"Media","name":"Media","slug":"media","version":"1.0","description":"This is the description for the Media module.","id":1781309708,"order":9001,"enabled":true,"author":"Abokamal","title":"Media","author_site":"http:\/\/dev.bootydev.co.uk\/","created_at":"05-11-2013 12:00","tables":["drive_folders","drive_items","drive_settings","emails","email_groups","styles","style_items","favorites","blocked_users","friend_requests"],"type":"core","assets":{"css":["styles.css"],"js":["js.js"]}},"Settings":{"basename":"Settings","name":"Settings","slug":"settings","version":"1.0","description":"This is the description for the Settings module.","id":3846545605,"enabled":true,"order":9001,"author":"Abokamal","title":"Settings","author_site":"http:\/\/dev.bootydev.co.uk\/","tables":["settings","sdn_settings","emails","email_groups","drive_folders","drive_items","drive_settings","emails","email_groups","styles","style_items","favorites","blocked_users","friend_requests"],"created_at":"05-11-2013 12:00","type":"core"},"Uploads":{"basename":"Uploads","name":"Uploads","slug":"uploads","version":"1.0","description":"This is the description for the Uploads module.","id":2517729048,"enabled":true,"order":9001,"type":"core","author":"Terakyan","title":"Uploads","author_site":"http:\/\/dev.bootydev.co.uk\/","created_at":"19-01-2017 19:24","tables":["drive_folders","drive_items","drive_settings","emails","email_groups","styles","style_items","favorites","blocked_users","friend_requests"]},"Manage":{"basename":"Manage","name":"Manage","slug":"manage","version":"1.0","type":"core","author":"Terakyan","title":"Manage","author_site":"http:\/\/dev.bootydev.co.uk\/","description":"This is the description for the Manage module.","enabled":true,"created_at":"19-01-2017 19:24","tables":["drive_folders","drive_items","drive_settings","emails","email_groups","styles","style_items","favorites","blocked_users","friend_requests"],"id":611494474,"order":9001},"Modules":{"basename":"Modules","name":"Modules","slug":"modules","version":"1.0","description":"This is the description for the Modules module.","enabled":true,"id":783762391,"order":9001,"author":"Abokamal","title":"Modules","author_site":"http:\/\/dev.bootydev.co.uk\/","created_at":"05-11-2013 12:00","type":"core","tables":["drive_folders","drive_items","drive_settings","emails","email_groups","styles","style_items","favorites","blocked_users","friend_requests","drive_folders","drive_items","drive_settings","emails","email_groups","styles","style_items","favorites","blocked_users","friend_requests","drive_folders","drive_items","drive_settings","emails","email_groups","styles","style_items","favorites","blocked_users","friend_requests","drive_folders","drive_items","drive_settings","emails","email_groups","styles","style_items","favorites","blocked_users","friend_requests","drive_folders","drive_items","drive_settings","emails","email_groups","styles","style_items","favorites","blocked_users","friend_requests","drive_folders","drive_items","drive_settings","emails","email_groups","styles","style_items","favorites","blocked_users","friend_requests","drive_folders","drive_items","drive_settings","emails","email_groups","styles","style_items","favorites","blocked_users","friend_requests","drive_folders","drive_items","drive_settings","emails","email_groups","styles","style_items","favorites","blocked_users","friend_requests","drive_folders","drive_items","drive_settings","emails","email_groups","styles","style_items","favorites","blocked_users","friend_requests","drive_folders","drive_items","drive_settings","emails","email_groups","styles","style_items","favorites","blocked_users","friend_requests","drive_folders","drive_items","drive_settings","emails","email_groups","styles","style_items","favorites","blocked_users","friend_requests","drive_folders","drive_items","drive_settings","emails","email_groups","styles","style_items","favorites","blocked_users","friend_requests"]},"Framework":{"basename":"Framework","name":"Framework","slug":"framework","version":"1.0","type":"core","author":"Terakyan","title":"Framework","author_site":"http:\/\/dev.bootydev.co.uk\/","description":"This is the description for the Manage module.","enabled":true,"created_at":"19-01-2017 19:24","tables":["drive_folders","drive_items","drive_settings","emails","email_groups","styles","style_items","favorites","blocked_users","friend_requests"],"id":2641784345,"order":9001},"Resources":{"basename":"Resources","name":"Resources","slug":"resources","author":"Abokamal","title":"Resources","author_site":"http:\/\/dev.bootydev.co.uk\/","version":"1.0","description":"This is the description for the Resources module.","created_at":"05-11-2013 12:00","tables":["resources","styles","style_items","drive_folders","drive_items","drive_settings","emails","email_groups","styles","style_items","favorites","blocked_users","friend_requests"],"id":4016499630,"enabled":true,"order":9001,"type":"core"},"Users":{"basename":"Users","name":"Users","slug":"users","version":"1.0","description":"This is the description for the Users module.","enabled":true,"id":344172009,"order":9001,"author":"Abokamal","title":"Users","author_site":"http:\/\/dev.bootydev.co.uk\/","tables":["users","roles","users_profile","permissions","permission_role","memberships","membership_permission","drive_folders","drive_items","drive_settings","emails","email_groups","styles","style_items","favorites","blocked_users","friend_requests"],"created_at":"05-11-2013 12:00","type":"core"}}