{
  "default_page_section": {
    "title": "Default Backend Layout",
    "author": "Edo",
    "self_type": "layouts",
    "version": 1,
    "descrition": "Default Page Section description",
    "layout": "tpl",
    "css": [
      "style.css",
      "font-awesome\/css\/font-awesome.min.css"
    ],
    "js": [
      "js.js"
    ],
    "settings": {
      "file": "settings",
      "css": [
        "style.css"
      ],
      "js": []
    },
    "slug": "default_page_section",
    "created_at": 1476346979,
    "folder": "default_page_section",
    "options": [],
    "active": true,
    "example": "demo",
    "tags": [
      "backend","back_pages_layout"
    ],
    "path": "resources\/views\/ContentLayouts\/default_page_section"
  },
  "front_layout_with_2_col": {
    "title": "Frontend layout 2 areas",
    "author": "Edo",
    "self_type": "page_sections",
    "type": "general",
    "version": 1,
    "descrition": "Frontend layout 2 areas",
    "layout": "main",
    "css": [
      "style.css",
      "setting-body.css"
    ],
    "js": [
      "js.js"
    ],
    "settings": {
      "file": "settings",
      "css": [
        "style.css"
      ],
      "js": [
        "js.js"
      ]
    },
    "placeholders": {
      "sidebar_place_holder_left": {
        "type": "unit",
        "tag": "frontend_sidebar",
        "title": "Left Sidebar"
      }
    },
    "folder": "front_layout_with_2_col",
    "active": false,
    "tags": [
      "front_pages_layout"
    ],
    "slug": "front_layout_with_2_col",
    "created_at": 1493719963,
    "is_core": 0,
    "place": "frontend",
    "path": "resources\/views\/ContentLayouts\/front_layout_with_2_col"
  },
  "backend_two_cols" : {
    "title": "Two Columns Backend Layout",
    "author": "Vahagn",
    "self_type" : "layouts",
    "version": 1,
    "descrition": "Two Columns Page layout description",
    "layout": "tpl",
    "css": [
      "style.css",
      "font-awesome\/css\/font-awesome.min.css"
    ],
    "js": [
      "js.js"
    ],
    "settings": {
      "file": "settings",
      "css": [
        "style.css"
      ],
      "js": []
    },
    "slug": "backend_two_cols",
    "created_at": 1476346979,
    "folder": "backend_two_cols",
    "options": [],
    "active": true,
    "example": "demo",
    "tags" : ["backend","back_pages_layout"],
    "path": "resources\/views\/ContentLayouts\/backend_two_cols",
    "placeholders" : {
      "left_bar" : {
        "type" : "unit",
        "tag" : "left_bar",
        "title":"Left bar"
      }
    }
  }
}