{
  "plugin_5863b74ac24e9": {
    "name": "Drive",
    "namespace": "Drive",
    "type": "plugin",
    "module": "media",
    "version": "0.1",
    "description": "Drive Plugin for manage folders",
    "enabled": true,
    "author": "Sahak",
    "author_site": "http:\/\/sharebugs.com\/",
    "route": "Routes\/web.php",
    "autoload": "Autoload",
    "have_setting": "1",
    "settings": "settings",
    "slug": "plugin_5863b74ac24e9",
    "tables": [
      "drive_folders",
      "drive_items",
      "drive_settings"
    ],
    "path": "\/app\/Modules\/Media\/Plugins\/Drive"
  },
  "plugin_5863b74ac2777": {
    "name": "Drive",
    "namespace": "MediaPlus",
    "type": "plugin",
    "module": "media",
    "version": "0.1",
    "description": "Drive Plugin for manage folders",
    "enabled": true,
    "author": "Sahak",
    "author_site": "http:\/\/sharebugs.com\/",
    "route": "Routes\/web.php",
    "autoload": "Autoload",
    "have_setting": "1",
    "settings": "settings",
    "slug": "plugin_5863b74ac2777",
    "tables": [
    ],
    "path": "\/app\/Modules\/Media\/Plugins\/MediaPlus"
  },
  "plugin_5864274898e45": {
    "name": "Emails",
    "namespace": "Emails",
    "type": "plugin",
    "module": "general",
    "version": "0.1",
    "description": "Emails Plugin for manage emails",
    "enabled": true,
    "author": "Edo",
    "author_site": "http:\/\/sharebugs.com\/",
    "route": "Routes\/web.php",
    "autoload": "Autoload",
    "have_setting": "1",
    "settings": "settings",
    "tables": [
      "emails",
      "email_groups"
    ],
    "slug": "plugin_5864274898e45",
    "path": "\/app\/Modules\/General\/Plugins\/Emails"
  },
  "plugin_5864e668c7cf9": {
    "name": "Frontend Parts",
    "namespace": "FrontendParts",
    "type": "plugin",
    "module": "frontend",
    "version": "0.1",
    "description": "Frontend Parts Plugin",
    "enabled": true,
    "author": "Sahak",
    "author_site": "http:\/\/sharebugs.com\/",
    "route": "Routes\/web.php",
    "autoload": "Autoload",
    "have_setting": "1",
    "settings": "settings",
    "tables": [],
    "slug": "plugin_5864e668c7cf9",
    "path": "\/app\/Modules\/Frontend\/Plugins\/FrontendParts"
  },
  "plugin_586502c2b0884": {
    "name": "Layouts",
    "namespace": "Layouts",
    "type": "plugin",
    "module": "frontend",
    "version": "0.1",
    "description": "Layouts Plugin for manage page content",
    "enabled": false,
    "author": "Edo",
    "author_site": "http:\/\/sharebugs.com\/",
    "route": "Routes\/web.php",
    "autoload": "Autoload",
    "have_setting": "1",
    "settings": "settings",
    "tables": [],
    "slug": "plugin_586502c2b0884",
    "path": "\/app\/Modules\/Frontend\/Plugins\/Layouts"
  },
  "plugin_5873c9c594e1e": {
    "name": "Frontend Build",
    "namespace": "Build",
    "type": "plugin",
    "module": "frontend",
    "version": "0.1",
    "description": "Frontend Build Plugin",
    "enabled": true,
    "author": "Sahak",
    "author_site": "http:\/\/sharebugs.com\/",
    "route": "Routes\/web.php",
    "autoload": "Autoload",
    "have_setting": "1",
    "settings": "settings",
    "provider": "Providers\\PluginServiceProvider",
    "tables": [],
    "slug": "plugin_5873c9c594e1e",
    "path": "\/app\/Modules\/Frontend\/Plugins\/Build"
  },
  "plugin_5873cbf94838e": {
    "name": "Backend Build",
    "namespace": "Buildb",
    "type": "plugin",
    "module": "backend",
    "version": "0.1",
    "description": "Backend Build Plugin",
    "enabled": true,
    "author": "Sahak",
    "author_site": "http:\/\/sharebugs.com\/",
    "route": "Routes\/web.php",
    "autoload": "Autoload",
    "have_setting": "1",
    "settings": "settings",
    "provider": "Providers\\PluginServiceProvider",
    "tables": [],
    "slug": "plugin_5873cbf94838e",
    "path": "\/app\/Modules\/Backend\/Plugins\/Buildb"
  },
  "plugin_5874ba8529718": {
    "name": "Styles",
    "namespace": "Styles",
    "type": "plugin",
    "module": "general",
    "version": "0.1",
    "description": "Styles Plugin for manage CMS ui",
    "enabled": true,
    "author": "Edo",
    "author_site": "http:\/\/sharebugs.com\/",
    "route": "Routes\/web.php",
    "autoload": "Autoload",
    "have_setting": "1",
    "settings": "settings",
    "tables": [
      "styles",
      "style_items"
    ],
    "slug": "plugin_5874ba8529718",
    "path": "\/app\/Modules\/General\/Plugins\/Styles"
  },
  "plugin_5876177113504": {
    "name": "Socialnet Plugin1",
    "namespace": "Socialnet",
    "type": "plugin",
    "module": "users",
    "version": "0.1",
    "description": "Social net plugin",
    "enabled": true,
    "author": "Hasmik",
    "author_site": "http:\/\/sharebugs.com\/",
    "route": "Routes\/web.php",
    "autoload": "Autoload",
    "have_setting": "1",
    "provider": "Providers\\SocialNetServiceProvider",
    "settings": "settings",
    "tables": [
      "favorites",
      "blocked_users",
      "friend_requests"
    ],
    "slug": "plugin_5876177113504",
    "path": "\/app\/Modules\/Users\/Plugins\/Socialnet"
  },
  "plugin_5878b6adf2f41": {
    "name": "Frontend Gears",
    "namespace": "Gears",
    "type": "plugin",
    "module": "modules",
    "version": "0.1",
    "description": "Frontend Gears Plugin",
    "enabled": true,
    "author": "Sahak",
    "author_site": "http:\/\/sharebugs.com\/",
    "route": "Routes\/web.php",
    "autoload": "Autoload",
    "have_setting": "1",
    "settings": "settings",
    "provider": "Providers\\PluginServiceProvider",
    "tables": [],
    "slug": "plugin_5878b6adf2f41",
    "path": "\/app\/Modules\/Modules\/Plugins\/Gears"
  },
  "plugin_5878b6d02dd1b": {
    "name": "Backend Gears",
    "namespace": "Gearsb",
    "type": "plugin",
    "module": "modules",
    "version": "0.1",
    "description": "Backend Gears Plugin",
    "enabled": true,
    "author": "Sahak",
    "author_site": "http:\/\/sharebugs.com\/",
    "route": "Routes\/web.php",
    "autoload": "Autoload",
    "have_setting": "1",
    "settings": "settings",
    "provider": "Providers\\PluginServiceProvider",
    "tables": [],
    "slug": "plugin_5878b6d02dd1b",
    "path": "\/app\/Modules\/Modules\/Plugins\/Gearsb"
  },
  "Sahak": {
    "name": "Sahak",
    "namespace": "Sahak",
    "type": "extra",
    "enabled": true,
    "author": "Sahak",
    "author_site": "http:\/\/Sahak.com\/",
    "route": "Routes\/web.php",
    "autoload": "Autoload",
    "have_setting": "0",
    "version": "1.0",
    "description": "This is the description for the Edo module.",
    "slug": "Sahak",
    "basename": "Sahak",
    "path": "\/app\/ExtraModules\/Sahak"
  },
  "Edo": {
    "name": "Edo",
    "namespace": "Edo",
    "type": "extra",
    "enabled": true,
    "author": "Edo",
    "author_site": "http:\/\/sharebugs.com\/",
    "route": "Routes\/web.php",
    "autoload": "Autoload",
    "have_setting": "0",
    "version": "1.0",
    "description": "This is the description for the Edo module.",
    "provider": "Providers\\ModuleServiceProvider",
    "slug": "Edo",
    "basename": "Edo",
    "path": "\/app\/ExtraModules\/Edo"
  },
  "Ara": {
    "name": "Ara",
    "namespace": "Ara",
    "type": "extra",
    "enabled": true,
    "author": "Ara",
    "author_site": "http:\/\/ara.com\/",
    "route": "Routes\/web.php",
    "autoload": "Autoload",
    "have_setting": "0",
    "version": "1.0",
    "description": "This is the description for the Edo module.",
    "slug": "Ara",
    "basename": "Ara",
    "created_at": 1485441004,
    "path": "\/app\/ExtraModules\/Ara"
  },
  "Classifiers": {
    "name": "Classifiers Build",
    "namespace": "Classifiers",
    "type": "plugin",
    "module": "manage",
    "version": "0.1",
    "description": "Classifiers Build Plugin",
    "enabled": true,
    "author": "Edo",
    "author_site": "http:\/\/classifiers.com\/",
    "route": "Routes\/web.php",
    "autoload": "Autoload",
    "have_setting": "0",
    "provider": "Providers\\PluginServiceProvider",
    "tables": [],
    "slug": "Classifiers",
    "basename": "Classifiers",
    "created_at": 1488391564,
    "path": "\/app\/Modules\/Manage\/Plugins\/Classifiers"
  },
  "Blogs": {
    "name": "Blogs",
    "namespace": "Blogs",
    "type": "extra",
    "enabled": true,
    "author": "Edo",
    "meta": "post_additional_data",
    "author_site": "http:\/\/ logs.com\/",
    "route": "Routes\/web.php",
    "autoload": "Autoload",
    "have_setting": "0",
    "version": "1.0",
    "description": "This is the description for the Blogs module.",
    "slug": "Blogs",
    "basename": "Blogs",
    "created_at": 1488801971,
    "path": "\/app\/ExtraModules\/Blogs"
  },
  "Tags": {
    "name": "Tags",
    "namespace": "Tags",
    "type": "extra",
    "meta": "tags_meta",
    "on_create": "BBAddTagsMeta",
    "enabled": true,
    "author": "Ara",
    "author_site": "http:\/\/ logs.com\/",
    "route": "Routes\/web.php",
    "autoload": "Autoload",
    "have_setting": "0",
    "version": "1.0",
    "description": "This is the description for the Tags module.",
    "slug": "Tags",
    "basename": "Tags",
    "created_at": 1489485841,
    "path": "\/app\/ExtraModules\/Tags"
  },
  "ProValidator": {
    "name": "Pro Validator",
    "namespace": "ProValidator",
    "type": "extra",
    "enabled": true,
    "author": "Sahak",
    "author_site": "http:\/\/ logs.com\/",
    "route": "Routes\/web.php",
    "autoload": "Autoload",
    "have_setting": "0",
    "version": "1.0",
    "description": "This is the description for the Tags module.",
    "slug": "ProValidator",
    "basename": "ProValidator",
    "created_at": 1489485841,
    "path": "\/app\/ExtraModules\/ProValidator"
  },
  "Comments": {
    "name": "Comments",
    "namespace": "Comments",
    "type": "extra",
    "enabled": true,
    "author": "Ara",
    "author_site": "http:\/\/ logs.com\/",
    "route": "Routes\/web.php",
    "autoload": "Autoload",
    "have_setting": "0",
    "version": "1.0",
    "description": "This is the description for the Comments module.",
    "slug": "Comments",
    "basename": "Comments",
    "created_at": 1489660726,
    "path": "\/app\/ExtraModules\/Comments"
  },
  "CoreBuilder": {
    "name": "CoreBuilder",
    "namespace": "CoreBuilder",
    "type": "extra",
    "enabled": true,
    "author": "Edo",
    "author_site": "http:\/\/edo.com\/",
    "route": "Routes\/web.php",
    "autoload": "Autoload",
    "have_setting": "0",
    "version": "1.0",
    "description": "This is the description for the CoreBuilder.",
    "slug": "CoreBuilder",
    "basename": "CoreBuilder",
    "builder": "form",
    "created_at": 1496918745,
    "path": "\/app\/ExtraModules\/CoreBuilder"
  },
  "CustomBuilder": {
    "name": "Custom Builder",
    "namespace": "CustomBuilder",
    "type": "extra",
    "enabled": true,
    "author": "Edo",
    "author_site": "http:\/\/edo.com\/",
    "route": "Routes\/web.php",
    "autoload": "Autoload",
    "have_setting": "0",
    "version": "1.0",
    "description": "This is the description for the CustomBuilder.",
    "slug": "CustomBuilder",
    "basename": "CustomBuilder",
    "builder": "form",
    "created_at": 1496921510,
    "path": "\/app\/ExtraModules\/CustomBuilder"
  },
  "Miniformbuilder": {
    "name": "Mini Form Builder",
    "namespace": "Miniformbuilder",
    "type": "extra",
    "enabled": true,
    "author": "Ashok",
    "author_site": "http:\/\/edo.com\/",
    "route": "Routes\/web.php",
    "autoload": "Autoload",
    "have_setting": "0",
    "version": "1.0",
    "description": "This is the description for the Mini Form Builder.",
    "slug": "Miniformbuilder",
    "basename": "Miniformbuilder",
    "builder": "form",
    "js": [
      "form-buildercustom.js"
    ],
    "created_at": 1497938836,
    "path": "\/app\/ExtraModules\/Miniformbuilder"
  },
  "Search": {
    "name": "Search",
    "namespace": "Search",
    "type": "extra",
    "enabled": true,
    "author": "Edo",
    "author_site": "http:\/\/arayik.com\/",
    "route": "Routes\/web.php",
    "autoload": "Autoload",
    "have_setting": "0",
    "version": "1.0",
    "description": "This is the description for the search module.",
    "slug": "Search",
    "basename": "Search",
    "created_at": 1499936524,
    "path": "\/app\/ExtraModules\/Search"
  }
}