{
  "accepted": "Accepted",
  "active_url": "Active URL",
  "after:date": "After (Date)",
  "after_or_equal:date": "After Or Equal (Date)",
  "alpha": "Alpha",
  "alpha_dash": "Alpha Dash",
  "alpha_num": "Alpha Numeric",
  "array": "Array (PHP)",
  "before:date": "Before (Date)",
  "before_or_equal:date": "Before Or Equal (Date)",
  "between:min,max": "Between (min),(max)",
  "boolean": "Boolean",
  "confirmed": "Confirmed",
  "date": "Date",
  "date_format:format": "Date Format (format)",
  "different:field": "Different (field name)",
  "digits_between:min,max": "Digits Between (min),(max)"
}
