{
  "data1":{"border":{"css":{"top":"solid 3px #000000"}},"class":"Sample2","savedcss":".Sample2{background:radial-gradient(ellipse farthest-corner at 84% 72%, rgba(255,0,0,1) 2.38%, rgba(22,1,1,1) 87.43% ); border-radius:1000px 03px 1000px 03px; border:solid 3px #000000; box-shadow: 5px 0px 0px 1px #12a4ff,  12px 0px 0px 1px #05e93c,  18px 0px 0px 0px #df6d6d,  -3px 0px 0px 1px #03b0ff,  -6px 0px 1px 1px #9e0a0a; }.Sample2:hover, .Sample2.hover{background:radial-gradient(ellipse farthest-corner at 84% 72%, rgba(255,0,231,1) 2.38%, rgba(22,1,1,1) 87.43% ); }","classname":".Sample2","css":{"background":"radial-gradient(ellipse farthest-corner at 84% 72%, rgba(255,0,0,1) 2.38%, rgba(22,1,1,1) 87.43% )","border-radius":"1000px 03px 1000px 03px","border":"solid 3px #000000","box-shadow":" 5px 0px 0px 1px #12a4ff,  12px 0px 0px 1px #05e93c,  18px 0px 0px 0px #df6d6d,  -3px 0px 0px 1px #03b0ff,  -6px 0px 1px 1px #9e0a0a"},"hover":{"background":"radial-gradient(ellipse farthest-corner at 84% 72%, rgba(255,0,231,1) 2.38%, rgba(22,1,1,1) 87.43% )"},"selected":{},"tabs":{"hover":true,"selected":false,"css":true}},
  "data2":{"border":{"css":{"top":"solid 0px #000000","right":"solid 12px #0871d1","bottom":"dashed 6px #156dd3"}},"class":"classname","savedcss":".classname{background:radial-gradient(ellipse farthest-corner at 84% 72%, rgba(0,170,255,1) 2.38%, rgba(7,85,136,1) 87.43% ); border-radius:0px 1000px 0px 0px; border:solid 0px #000000; border-right:solid 12px #0871d1; box-shadow:inset -7px 0px 43px 0px #0e3fb4,  5px 0px 0px 0px #98900f,  8px 0px 0px 0px #ff0f0f; border-bottom:dashed 6px #156dd3; }","classname":".classname","css":{"background":"radial-gradient(ellipse farthest-corner at 84% 72%, rgba(0,170,255,1) 2.38%, rgba(7,85,136,1) 87.43% )","border-radius":"0px 1000px 0px 0px","border":"solid 0px #000000","border-right":"solid 12px #0871d1","box-shadow":"inset -7px 0px 43px 0px #0e3fb4,  5px 0px 0px 0px #98900f,  8px 0px 0px 0px #ff0f0f","border-bottom":"dashed 6px #156dd3"},"hover":{"background":"radial-gradient(ellipse farthest-corner at 84% 72%, rgba(255,0,231,1) 2.38%, rgba(22,1,1,1) 87.43% )"},"selected":{"background":"radial-gradient(ellipse farthest-corner at 84% 72%, rgba(0,44,252,1) 2.38%, rgba(22,1,1,1) 87.43% )"},"tabs":{"hover":false,"selected":false,"css":true}},
  "data3":{"border":{"css":{}},"class":"newsample","savedcss":".newsample{background:radial-gradient(ellipse farthest-corner at 84% 72%, #a00a0a 4.44%, rgba(255,0,0,1) 12%, rgba(255,0,0,0.18) 18.25%, rgba(234,35,35,0.82) 24.09%, rgba(234,35,35,0.82) 33.65%, rgba(226,82,88,0.63) 46%, rgba(255,0,0,0.88) 61.87%, rgba(144,61,87,0.79) 73.45%, #350313 87.02% ); box-shadow:inset 0px 0px 6px -1px #000203; }.newsample:hover, .newsample.hover{background:radial-gradient(ellipse farthest-corner at 84% 72%, rgba(255,0,231,1) 2.38%, rgba(22,1,1,1) 87.43% ); }","classname":".newsample","css":{"background":"radial-gradient(ellipse farthest-corner at 84% 72%, #a00a0a 4.44%, rgba(255,0,0,1) 12%, rgba(255,0,0,0.18) 18.25%, rgba(234,35,35,0.82) 24.09%, rgba(234,35,35,0.82) 33.65%, rgba(226,82,88,0.63) 46%, rgba(255,0,0,0.88) 61.87%, rgba(144,61,87,0.79) 73.45%, #350313 87.02% )","box-shadow":"inset 0px 0px 6px -1px #000203"},"hover":{"background":"radial-gradient(ellipse farthest-corner at 84% 72%, rgba(255,0,231,1) 2.38%, rgba(22,1,1,1) 87.43% )"},"selected":{"background":"radial-gradient(ellipse farthest-corner at 84% 72%, rgba(0,44,252,1) 2.38%, rgba(22,1,1,1) 87.43% )"},"tabs":{"hover":true,"selected":false,"css":true}},
  "data4":{"border":{"css":{"top":"dashed 4px #000000"}},"class":"sample4","savedcss":".sample4{background:linear-gradient(120deg, rgba(198,10,52,1) 2.38%, rgba(22,1,1,1) 87.43% ); border-radius:5000px; border:dashed 4px #000000; box-shadow: 9px 0px 0px 0px #ededed,  11px 0px 0px 0px #000000; }.sample4:hover, .sample4.hover{background:radial-gradient(ellipse farthest-corner at 84% 72%, rgba(255,0,231,1) 2.38%, rgba(22,1,1,1) 87.43% ); }","classname":".sample4","css":{"background":"linear-gradient(120deg, rgba(198,10,52,1) 2.38%, rgba(22,1,1,1) 87.43% )","border-radius":"5000px","border":"dashed 4px #000000","box-shadow":" 9px 0px 0px 0px #ededed,  11px 0px 0px 0px #000000"},"hover":{"background":"radial-gradient(ellipse farthest-corner at 84% 72%, rgba(255,0,231,1) 2.38%, rgba(22,1,1,1) 87.43% )"},"selected":{"background":"radial-gradient(ellipse farthest-corner at 84% 72%, rgba(0,44,252,1) 2.38%, rgba(22,1,1,1) 87.43% )"},"tabs":{"hover":true,"selected":false,"css":true}}
}